Sr No,Company Name,Founder,Role,Sector,What They Do,Why Its a Social Enterprise,City,Website Domain,Size Estimate
1,Haqdarshak,Aniket Doegar,CEO & Co-founder,Digital - Welfare Access,Mobile app + 45000 women agents helping citizens discover and apply for govt welfare schemes,Mission-first: exists to deliver welfare benefits to poor; Forbes 30 Under 30 Asia; Schwab Foundation Social Innovator,Mumbai,haqdarshak.com,Small (50-100 team)
2,Karya,Manu Chopra,Co-founder & CEO,AI - Ethical Data & Livelihoods,Employs rural Indians to create AI training data in local languages; pays 20x minimum wage; workers own their data,Nonprofit model; reinvests surplus into worker pay; TIME100 AI list; partners with Gates Foundation,Bengaluru,karya.in,Small (~60 team)
3,Khushi Baby,Dr. Ruchit Nagar,Co-founder,Digital Health - Community Health,NFC wearable + CHIP digital platform for community health workers; 75000 CHWs onboarded; 46M lives impacted,Nonprofit digital health org; open-source Digital Public Good; UNICEF-backed,Udaipur,khushibaby.org,Small (50-80 team)
4,Wysa,Jo Aggarwal,CEO & Co-founder,AI - Mental Health,AI chatbot for mental health using CBT techniques; free basic version; 7M+ users globally,Founded specifically for mental health accessibility; free tier for those who cant afford therapy,Bengaluru,wysa.com,Medium (~100 team)
5,Gram Vaani,Vijay Sai Pratap,Co-founder & CEO,Digital - Voice-based Community Media,Voice-based community media platform (Mobile Vaani) for rural communities who cant read/write; enables citizen journalism,IIT Delhi spinoff; mission to give voice to marginalized; uses low-cost phone technology,Delhi,gramvaani.org,Small (20-40 team)
6,Avanti Fellows,Akshay Saxena,Co-founder,EdTech - Free Tutoring,Free tech-enabled tutoring and college counselling for low-income students to access IITs and top colleges,Nonprofit; Ashoka Fellow; Echoing Green Fellow; free service for bottom-of-pyramid students,Mumbai,avantifellows.org,Small (50-80 team)
7,Frontier Markets,Ajaita Shah,CEO & Founder,Social Commerce - Rural Women,Rural social commerce using women Sahelis as last-mile digital agents for clean energy and essential products,Built to serve rural BOP households via women entrepreneurs; Acumen and USAID backed,Jaipur,frontiermarkets.co,Small (50-100 team)
8,Niramai Health Analytix,Dr. Geetha Manjunath,CEO & Co-founder,AI - Breast Cancer Screening,AI-based non-invasive affordable breast cancer detection using thermal imaging in 200+ hospitals,Founded to make cancer screening affordable and accessible for all women including rural India,Bengaluru,niramai.com,Small (~70 team)
9,Atom360,,Founder,AI - Oral Cancer Screening,AI-powered oral cancer screening app for low-income communities using smartphone image analysis,Built specifically for underserved populations; ACT for Health portfolio,India,atom360.io,Very Small (<20 team)
10,Project Tech4Dev,Donald Lobo,Founder,Open Source Tech for NGOs,Provides affordable open-source tech platforms and data tools to 100+ nonprofits across India,Nonprofit; bridges tech gap for NGOs; built Glific (WhatsApp for nonprofits) and Avni (data collection),Bengaluru,projecttech4dev.org,Small (20-40 team)
11,Rocket Learning,Namya Mahajan,CEO,EdTech - Early Childhood,WhatsApp-based early childhood education for low-income parents; works with govt anganwadis,Nonprofit; partners with state govts to reach poorest families; funded by Central Square Foundation,Delhi,rocketlearning.org,Small (50-80 team)
12,GoCoop,Shiva Devireddy,Founder,Digital Marketplace - Artisans,Online marketplace connecting cooperatives weavers and artisans directly to buyers eliminating middlemen,Social enterprise mission to increase artisan incomes; backed by Infosys co-founder,Bengaluru,gocoop.com,Small (10-20 team)
13,Myna Mahila Foundation,Suhani Jalota,Founder & CEO,Digital Health - Women,Tech-enabled menstrual health and community healthcare platform for women in urban slums,Nonprofit; employs women from slums as health workers; data-driven outreach; Forbes 30 Under 30,Mumbai,mynamahila.com,Small (30-50 team)
14,CureBay,,Founder,HealthTech - Rural e-Clinics,150+ e-clinics in rural Odisha and Chhattisgarh providing telemedicine and diagnostics to underserved areas,Built specifically to serve areas with no healthcare access within 10km radius,Bhubaneswar,curebay.com,Small-Medium (80-120)
15,Chikitsak,Milind Naik,Founder,HealthTech - Rural Screening,Portable low-cost medical screening kit with cloud EMR for rural primary healthcare by low-skilled workers,Social enterprise built for last-mile healthcare where doctors dont reach,Bengaluru,chikitsak.com,Very Small (<20 team)
16,WeGoT (VenAqua),Abhiram Seth,Co-founder,IoT - Water Conservation,IoT platform for real-time household water management; saved 300M+ litres of water,Mission-driven water conservation enterprise; IIT Madras incubated,Chennai,wegot.in,Small (30-50 team)
17,Swajal,Vibha Tripathi,Founder,IoT - Clean Water Access,Solar-powered IoT water ATMs providing affordable clean drinking water in villages and slums,Social enterprise providing clean water at Rs 5/litre to BOP communities,Delhi,swajal.in,Small (30-50 team)
18,Redcode Informatics,Karthik Naralasetty,Founder & CEO,Digital Platform - Access,Tech platform enhancing digital access and information for underserved communities,Forbes 30 Under 30 social innovator; mission to bridge digital divide,India,redcodeinformatics.com,Small (<30 team)
19,Forus Health,Dr. K. Chandrasekhar,Founder,MedTech - Eye Screening,Portable retinal eye imaging devices for rural blindness detection; served 2M+ people in 25+ countries,Built to detect preventable blindness where there are no ophthalmologists,Bengaluru,forushealth.com,Small-Medium (50-100)
20,BharatRohan,Amandeep Panwar,Co-founder,AgriTech - Drone Crop Health,Drone-based hyperspectral imaging for smallholder crop health monitoring and pest detection,Villgro-backed social enterprise serving smallholder farmers; affordable precision agriculture,Gurugram,bharatrohan.in,Small (30-50 team)
21,Gramophone,Tauseef Khan,Co-founder,AgriTech - AI Crop Advisory,Free personalized AI crop advisory plus affordable agri-input marketplace for smallholder farmers,Social mission: free advisory to farmers; serves millions of small farmers in MP and beyond,Indore,gramophone.in,Small-Medium (80-120)
22,Vidyakul,Tarun Saini,Founder,EdTech - Vernacular State Board,Affordable digital education platform for state board students in Hindi and regional languages,Built for students underserved by mainstream edtech which focuses on CBSE/English,Delhi,vidyakul.com,Small (30-50 team)
23,Ecozen Solutions,Devendra Gupta,Co-founder,Solar - Cold Storage for Farmers,Solar-powered cold storage and irrigation solutions for smallholder farmers reducing post-harvest loss,Social enterprise ensuring small farmers can store produce; reduces food waste; IIT alumni founded,Pune,ecozensolutions.com,Medium (100-200)
24,Tech4Good Labs,Shemeer Babu,Co-founder,Digital - Tech for Changemakers,Partners with change-makers to build simple tech solutions for community impact; runs Tech4Good Fellowship,Mission-first: exists to serve social sector with technology; nonprofit model,India,tech4goodlabs.com,Very Small (<20 team)
25,Innaumation Medical Devices,Dr. Vishal U S Rao,Founder,MedTech - Voice Prosthesis,Affordable voice prosthesis (Aum) for cancer patients who lose speech; fraction of imported device cost,Villgro-incubated; built to make life-saving device affordable for poor cancer patients,Bengaluru,innaumation.com,Very Small (<15 team)
26,CultYvate,,Founder,AgriTech - IoT Carbon Credits,IoT-enabled alternate wetting and drying system for rice; reduces GHG emissions and earns carbon credits for farmers,Villgro-backed; dual mission of climate action and farmer income increase,India,cultyvateindia.com,Very Small (<20 team)
27,Bharat Krushi Seva,,Founder,AgriTech - Farm Advisory,AI-based crop advisory and agri-input platform for smallholder farmers in regional languages,Villgro-backed seed-stage social enterprise; mission to serve marginal farmers,India,bharatkrushiseva.com,Very Small (<15 team)
28,Saltech,,Founder,CleanTech - Plastic to Building,Converts plastic waste into high-performance composite building materials using patented recycling tech,Villgro-incubated; dual impact: waste reduction + affordable building materials,India,,Very Small (<15 team)
29,JalSevak Solutions,,Founder,CleanTech - Greywater Recycling,Decentralized household greywater recycling unit for toilet flushing and gardening; affordable and scalable,Villgro-incubated; solves sewage and water scarcity at household level for low-income areas,India,,Very Small (<15 team)
30,Cherries Engineering,Founder on LinkedIn,Founder,SanitationTech - Anti Manual Scavenging,JALODBUST Pride - portable sanitation equipment to eliminate manual scavenging from septic tanks,Villgro-incubated; mission to end manual scavenging which affects Dalits disproportionately,India,,Very Small (<15 team)